{
    "variables": [],
    "info": {
        "name": "Laravel Starter API",
        "_postman_id": "c133de7d-d5aa-45b2-97ec-4ff18c890278",
        "description": "",
        "schema": "https:\/\/schema.getpostman.com\/json\/collection\/v2.0.0\/collection.json"
    },
    "item": [
        {
            "name": "Authentication",
            "description": "\nClass AuthController\n\nFullfills all aspects related to authenticate a user.",
            "item": [
                {
                    "name": "Attempt to login the user.",
                    "request": {
                        "url": {
                            "protocol": "http",
                            "host": "127.0.0.1:8000",
                            "path": "api\/v1\/auth\/login",
                            "query": [],
                            "raw": "http:\/\/127.0.0.1:8000\/api\/v1\/auth\/login"
                        },
                        "method": "POST",
                        "header": [
                            {
                                "key": "Content-Type",
                                "value": "application\/json"
                            },
                            {
                                "key": "Accept",
                                "value": "application\/json"
                            }
                        ],
                        "body": {
                            "mode": "raw",
                            "raw": "{\n    \"email\": \"\\\"user@test.com\\\"\",\n    \"password\": \"\\\"abc@123_4\\\"\"\n}",
                            "options": {
                                "raw": {
                                    "language": "json"
                                }
                            }
                        },
                        "description": "If login is successfull, you get an api_token in response. Use that api_token to authenticate yourself for further api calls.",
                        "response": []
                    }
                },
                {
                    "name": "Attempt to logout the user.",
                    "request": {
                        "url": {
                            "protocol": "http",
                            "host": "127.0.0.1:8000",
                            "path": "api\/v1\/auth\/logout",
                            "query": [],
                            "raw": "http:\/\/127.0.0.1:8000\/api\/v1\/auth\/logout"
                        },
                        "method": "POST",
                        "header": [
                            {
                                "key": "Content-Type",
                                "value": "application\/json"
                            },
                            {
                                "key": "Accept",
                                "value": "application\/json"
                            }
                        ],
                        "body": {
                            "mode": "raw",
                            "raw": "[]",
                            "options": {
                                "raw": {
                                    "language": "json"
                                }
                            }
                        },
                        "description": "After successfull logut the token get invalidated and can not be used further.",
                        "response": []
                    }
                },
                {
                    "name": "Get the authenticated User.",
                    "request": {
                        "url": {
                            "protocol": "http",
                            "host": "127.0.0.1:8000",
                            "path": "api\/v1\/auth\/me",
                            "query": [],
                            "raw": "http:\/\/127.0.0.1:8000\/api\/v1\/auth\/me"
                        },
                        "method": "GET",
                        "header": [
                            {
                                "key": "Content-Type",
                                "value": "application\/json"
                            },
                            {
                                "key": "Accept",
                                "value": "application\/json"
                            }
                        ],
                        "body": {
                            "mode": "raw",
                            "raw": "[]",
                            "options": {
                                "raw": {
                                    "language": "json"
                                }
                            }
                        },
                        "description": "",
                        "response": []
                    }
                }
            ]
        },
        {
            "name": "Blog Categories Management",
            "description": "\nClass BlogCategoriesController\n\nAPIs for Blog Categories Management",
            "item": [
                {
                    "name": "Get all Blog Categories",
                    "request": {
                        "url": {
                            "protocol": "http",
                            "host": "127.0.0.1:8000",
                            "path": "api\/v1\/blog-categories",
                            "query": [
                                {
                                    "key": "page",
                                    "value": "12",
                                    "description": "Which page to show.",
                                    "disabled": false
                                },
                                {
                                    "key": "per_page",
                                    "value": "20",
                                    "description": "Number of records per page. (use -1 to retrieve all)",
                                    "disabled": false
                                },
                                {
                                    "key": "order_by",
                                    "value": "created_at",
                                    "description": "Order by database column.",
                                    "disabled": false
                                },
                                {
                                    "key": "order",
                                    "value": "asc",
                                    "description": "Order direction ascending (asc) or descending (desc).",
                                    "disabled": false
                                }
                            ],
                            "raw": "http:\/\/127.0.0.1:8000\/api\/v1\/blog-categories?page=12&per_page=20&order_by=created_at&order=asc"
                        },
                        "method": "GET",
                        "header": [
                            {
                                "key": "Authorization",
                                "value": "Bearer d16cZ5hvD8ba43P6eagEVkf"
                            },
                            {
                                "key": "Content-Type",
                                "value": "application\/json"
                            },
                            {
                                "key": "Accept",
                                "value": "application\/json"
                            }
                        ],
                        "body": {
                            "mode": "raw",
                            "raw": "[]",
                            "options": {
                                "raw": {
                                    "language": "json"
                                }
                            }
                        },
                        "description": "This endpoint provides a paginated list of all blog categories. You can customize how many records you want in each\nreturned response as well as sort records based on a key in specific order.",
                        "response": []
                    }
                },
                {
                    "name": "Create a new Blog Category",
                    "request": {
                        "url": {
                            "protocol": "http",
                            "host": "127.0.0.1:8000",
                            "path": "api\/v1\/blog-categories",
                            "query": [],
                            "raw": "http:\/\/127.0.0.1:8000\/api\/v1\/blog-categories"
                        },
                        "method": "POST",
                        "header": [
                            {
                                "key": "Authorization",
                                "value": "Bearer aD6E8d3g1baek64c5fZVhvP"
                            },
                            {
                                "key": "Content-Type",
                                "value": "application\/json"
                            },
                            {
                                "key": "Accept",
                                "value": "application\/json"
                            }
                        ],
                        "body": {
                            "mode": "raw",
                            "raw": "{\n    \"name\": \"Software\",\n    \"status\": true\n}",
                            "options": {
                                "raw": {
                                    "language": "json"
                                }
                            }
                        },
                        "description": "This endpoint lets you create new Blog Category",
                        "response": []
                    }
                },
                {
                    "name": "Gives a specific Blog Category",
                    "request": {
                        "url": {
                            "protocol": "http",
                            "host": "127.0.0.1:8000",
                            "path": "api\/v1\/blog-categories\/:blog_category",
                            "query": [],
                            "raw": "http:\/\/127.0.0.1:8000\/api\/v1\/blog-categories\/:blog_category"
                        },
                        "method": "GET",
                        "header": [
                            {
                                "key": "Authorization",
                                "value": "Bearer D36keP1cVfbda54haEgZv86"
                            },
                            {
                                "key": "Content-Type",
                                "value": "application\/json"
                            },
                            {
                                "key": "Accept",
                                "value": "application\/json"
                            }
                        ],
                        "body": {
                            "mode": "raw",
                            "raw": "[]",
                            "options": {
                                "raw": {
                                    "language": "json"
                                }
                            }
                        },
                        "description": "This endpoint provides you a single Blog Category\nThe Blog Category is identified based on the ID provided as url parameter.",
                        "response": []
                    }
                },
                {
                    "name": "Update Blog Category",
                    "request": {
                        "url": {
                            "protocol": "http",
                            "host": "127.0.0.1:8000",
                            "path": "api\/v1\/blog-categories\/:blog_category",
                            "query": [],
                            "raw": "http:\/\/127.0.0.1:8000\/api\/v1\/blog-categories\/:blog_category"
                        },
                        "method": "PUT",
                        "header": [
                            {
                                "key": "Authorization",
                                "value": "Bearer vEba3D86ce46PZakd5f1gVh"
                            },
                            {
                                "key": "Content-Type",
                                "value": "application\/json"
                            },
                            {
                                "key": "Accept",
                                "value": "application\/json"
                            }
                        ],
                        "body": {
                            "mode": "raw",
                            "raw": "{\n    \"name\": \"Software\",\n    \"status\": true\n}",
                            "options": {
                                "raw": {
                                    "language": "json"
                                }
                            }
                        },
                        "description": "This endpoint allows you to update existing Blog Category with new data.\nThe Blog Category to be updated is identified based on the ID provided as url parameter.",
                        "response": []
                    }
                },
                {
                    "name": "Delete Blog Category",
                    "request": {
                        "url": {
                            "protocol": "http",
                            "host": "127.0.0.1:8000",
                            "path": "api\/v1\/blog-categories\/:blog_category",
                            "query": [],
                            "raw": "http:\/\/127.0.0.1:8000\/api\/v1\/blog-categories\/:blog_category"
                        },
                        "method": "DELETE",
                        "header": [
                            {
                                "key": "Authorization",
                                "value": "Bearer a64P5E6cdbfkaDV13Zgh8ve"
                            },
                            {
                                "key": "Content-Type",
                                "value": "application\/json"
                            },
                            {
                                "key": "Accept",
                                "value": "application\/json"
                            }
                        ],
                        "body": {
                            "mode": "raw",
                            "raw": "[]",
                            "options": {
                                "raw": {
                                    "language": "json"
                                }
                            }
                        },
                        "description": "This endpoint allows you to delete a Blog Category\nThe Blog Category to be deleted is identified based on the ID provided as url parameter.",
                        "response": []
                    }
                }
            ]
        },
        {
            "name": "Blog Management",
            "description": "\nClass BlogsController\n\nAPIs for Blog Management",
            "item": [
                {
                    "name": "Get all Blogs",
                    "request": {
                        "url": {
                            "protocol": "http",
                            "host": "127.0.0.1:8000",
                            "path": "api\/v1\/blogs",
                            "query": [
                                {
                                    "key": "page",
                                    "value": "12",
                                    "description": "Which page to show.",
                                    "disabled": false
                                },
                                {
                                    "key": "per_page",
                                    "value": "20",
                                    "description": "Number of records per page. (use -1 to retrieve all)",
                                    "disabled": false
                                },
                                {
                                    "key": "order_by",
                                    "value": "created_at",
                                    "description": "Order by database column.",
                                    "disabled": false
                                },
                                {
                                    "key": "order",
                                    "value": "asc",
                                    "description": "Order direction ascending (asc) or descending (desc).",
                                    "disabled": false
                                }
                            ],
                            "raw": "http:\/\/127.0.0.1:8000\/api\/v1\/blogs?page=12&per_page=20&order_by=created_at&order=asc"
                        },
                        "method": "GET",
                        "header": [
                            {
                                "key": "Authorization",
                                "value": "Bearer Zga3b51D6EkaPf4eh6v8cVd"
                            },
                            {
                                "key": "Content-Type",
                                "value": "application\/json"
                            },
                            {
                                "key": "Accept",
                                "value": "application\/json"
                            }
                        ],
                        "body": {
                            "mode": "raw",
                            "raw": "[]",
                            "options": {
                                "raw": {
                                    "language": "json"
                                }
                            }
                        },
                        "description": "This endpoint provides a paginated list of all blogs. You can customize how many records you want in each\nreturned response as well as sort records based on a key in specific order.",
                        "response": []
                    }
                },
                {
                    "name": "Create a new Blog",
                    "request": {
                        "url": {
                            "protocol": "http",
                            "host": "127.0.0.1:8000",
                            "path": "api\/v1\/blogs",
                            "query": [],
                            "raw": "http:\/\/127.0.0.1:8000\/api\/v1\/blogs"
                        },
                        "method": "POST",
                        "header": [
                            {
                                "key": "Authorization",
                                "value": "Bearer 1Va38DZeakEc6db65hg4Pfv"
                            },
                            {
                                "key": "Content-Type",
                                "value": "multipart\/form-data"
                            },
                            {
                                "key": "Accept",
                                "value": "application\/json"
                            }
                        ],
                        "body": {
                            "mode": "formdata",
                            "formdata": [
                                {
                                    "key": "name",
                                    "value": "a",
                                    "type": "text"
                                },
                                {
                                    "key": "publish_datetime",
                                    "value": "2020-10-19T10:21:17+0000",
                                    "type": "text"
                                },
                                {
                                    "key": "content",
                                    "value": "pariatur",
                                    "type": "text"
                                },
                                {
                                    "key": "categories",
                                    "value": [
                                        "veritatis"
                                    ],
                                    "type": "text"
                                },
                                {
                                    "key": "tags",
                                    "value": [
                                        "voluptates"
                                    ],
                                    "type": "text"
                                },
                                {
                                    "key": "status",
                                    "value": 14,
                                    "type": "text"
                                },
                                {
                                    "key": "meta_title",
                                    "value": "reprehenderit",
                                    "type": "text"
                                },
                                {
                                    "key": "cannonical_link",
                                    "value": "http:\/\/oberbrunner.com\/odio-inventore-ea-qui-nihil-est-unde",
                                    "type": "text"
                                },
                                {
                                    "key": "meta_keywords",
                                    "value": "illum",
                                    "type": "text"
                                },
                                {
                                    "key": "meta_description",
                                    "value": "culpa",
                                    "type": "text"
                                },
                                {
                                    "key": "featured_image",
                                    "src": [],
                                    "type": "file"
                                }
                            ]
                        },
                        "description": "This endpoint lets you create new Blog",
                        "response": []
                    }
                },
                {
                    "name": "Gives a specific Blog",
                    "request": {
                        "url": {
                            "protocol": "http",
                            "host": "127.0.0.1:8000",
                            "path": "api\/v1\/blogs\/:blog",
                            "query": [],
                            "raw": "http:\/\/127.0.0.1:8000\/api\/v1\/blogs\/:blog"
                        },
                        "method": "GET",
                        "header": [
                            {
                                "key": "Authorization",
                                "value": "Bearer e6kdfv86aPg53EaD1cVhb4Z"
                            },
                            {
                                "key": "Content-Type",
                                "value": "application\/json"
                            },
                            {
                                "key": "Accept",
                                "value": "application\/json"
                            }
                        ],
                        "body": {
                            "mode": "raw",
                            "raw": "[]",
                            "options": {
                                "raw": {
                                    "language": "json"
                                }
                            }
                        },
                        "description": "This endpoint provides you a single Blog\nThe Blog is identified based on the ID provided as url parameter.",
                        "response": []
                    }
                },
                {
                    "name": "Update Blog",
                    "request": {
                        "url": {
                            "protocol": "http",
                            "host": "127.0.0.1:8000",
                            "path": "api\/v1\/blogs\/:blog",
                            "query": [],
                            "raw": "http:\/\/127.0.0.1:8000\/api\/v1\/blogs\/:blog"
                        },
                        "method": "PUT",
                        "header": [
                            {
                                "key": "Authorization",
                                "value": "Bearer 6vckV8fbheZ5E4PaD63ad1g"
                            },
                            {
                                "key": "Content-Type",
                                "value": "multipart\/form-data"
                            },
                            {
                                "key": "Accept",
                                "value": "application\/json"
                            }
                        ],
                        "body": {
                            "mode": "formdata",
                            "formdata": [
                                {
                                    "key": "name",
                                    "value": "excepturi",
                                    "type": "text"
                                },
                                {
                                    "key": "publish_datetime",
                                    "value": "2020-10-19T10:21:17+0000",
                                    "type": "text"
                                },
                                {
                                    "key": "content",
                                    "value": "dolores",
                                    "type": "text"
                                },
                                {
                                    "key": "categories",
                                    "value": [
                                        "atque"
                                    ],
                                    "type": "text"
                                },
                                {
                                    "key": "tags",
                                    "value": [
                                        "ut"
                                    ],
                                    "type": "text"
                                },
                                {
                                    "key": "status",
                                    "value": 18,
                                    "type": "text"
                                },
                                {
                                    "key": "meta_title",
                                    "value": "sint",
                                    "type": "text"
                                },
                                {
                                    "key": "cannonical_link",
                                    "value": "http:\/\/armstrong.com\/aut-quia-asperiores-doloribus-ipsum-quae-numquam-in-tenetur",
                                    "type": "text"
                                },
                                {
                                    "key": "meta_keywords",
                                    "value": "qui",
                                    "type": "text"
                                },
                                {
                                    "key": "meta_description",
                                    "value": "quisquam",
                                    "type": "text"
                                },
                                {
                                    "key": "featured_image",
                                    "src": [],
                                    "type": "file"
                                }
                            ]
                        },
                        "description": "This endpoint allows you to update existing Blog with new data.\nThe Blog to be updated is identified based on the ID provided as url parameter.",
                        "response": []
                    }
                },
                {
                    "name": "Delete Blog",
                    "request": {
                        "url": {
                            "protocol": "http",
                            "host": "127.0.0.1:8000",
                            "path": "api\/v1\/blogs\/:blog",
                            "query": [],
                            "raw": "http:\/\/127.0.0.1:8000\/api\/v1\/blogs\/:blog"
                        },
                        "method": "DELETE",
                        "header": [
                            {
                                "key": "Authorization",
                                "value": "Bearer bVe5c3hPkd8gD6aaZ64vEf1"
                            },
                            {
                                "key": "Content-Type",
                                "value": "application\/json"
                            },
                            {
                                "key": "Accept",
                                "value": "application\/json"
                            }
                        ],
                        "body": {
                            "mode": "raw",
                            "raw": "[]",
                            "options": {
                                "raw": {
                                    "language": "json"
                                }
                            }
                        },
                        "description": "This endpoint allows you to delete a Blog\nThe Blog to be deleted is identified based on the ID provided as url parameter.",
                        "response": []
                    }
                }
            ]
        },
        {
            "name": "Blog Tag Management",
            "description": "\nClass BlogTagsController\n\nAPIs for Blog Tag Management",
            "item": [
                {
                    "name": "Get all Blog Tags",
                    "request": {
                        "url": {
                            "protocol": "http",
                            "host": "127.0.0.1:8000",
                            "path": "api\/v1\/blog-tags",
                            "query": [
                                {
                                    "key": "page",
                                    "value": "12",
                                    "description": "Which page to show.",
                                    "disabled": false
                                },
                                {
                                    "key": "per_page",
                                    "value": "20",
                                    "description": "Number of records per page. (use -1 to retrieve all)",
                                    "disabled": false
                                },
                                {
                                    "key": "order_by",
                                    "value": "created_at",
                                    "description": "Order by database column.",
                                    "disabled": false
                                },
                                {
                                    "key": "order",
                                    "value": "asc",
                                    "description": "Order direction ascending (asc) or descending (desc).",
                                    "disabled": false
                                }
                            ],
                            "raw": "http:\/\/127.0.0.1:8000\/api\/v1\/blog-tags?page=12&per_page=20&order_by=created_at&order=asc"
                        },
                        "method": "GET",
                        "header": [
                            {
                                "key": "Authorization",
                                "value": "Bearer V5Ea6D8f63Pghda4vceZbk1"
                            },
                            {
                                "key": "Content-Type",
                                "value": "application\/json"
                            },
                            {
                                "key": "Accept",
                                "value": "application\/json"
                            }
                        ],
                        "body": {
                            "mode": "raw",
                            "raw": "[]",
                            "options": {
                                "raw": {
                                    "language": "json"
                                }
                            }
                        },
                        "description": "This endpoint provides a paginated list of all blog tags. You can customize how many records you want in each\nreturned response as well as sort records based on a key in specific order.",
                        "response": []
                    }
                },
                {
                    "name": "Create a new Blog Tag",
                    "request": {
                        "url": {
                            "protocol": "http",
                            "host": "127.0.0.1:8000",
                            "path": "api\/v1\/blog-tags",
                            "query": [],
                            "raw": "http:\/\/127.0.0.1:8000\/api\/v1\/blog-tags"
                        },
                        "method": "POST",
                        "header": [
                            {
                                "key": "Authorization",
                                "value": "Bearer 8dDaZkPvc1g3be5Vf4h66Ea"
                            },
                            {
                                "key": "Content-Type",
                                "value": "application\/json"
                            },
                            {
                                "key": "Accept",
                                "value": "application\/json"
                            }
                        ],
                        "body": {
                            "mode": "raw",
                            "raw": "{\n    \"name\": \"Software\",\n    \"status\": true\n}",
                            "options": {
                                "raw": {
                                    "language": "json"
                                }
                            }
                        },
                        "description": "This endpoint lets you create new Blog Tag",
                        "response": []
                    }
                },
                {
                    "name": "Gives a specific Blog Tag",
                    "request": {
                        "url": {
                            "protocol": "http",
                            "host": "127.0.0.1:8000",
                            "path": "api\/v1\/blog-tags\/:blog_tag",
                            "query": [],
                            "raw": "http:\/\/127.0.0.1:8000\/api\/v1\/blog-tags\/:blog_tag"
                        },
                        "method": "GET",
                        "header": [
                            {
                                "key": "Authorization",
                                "value": "Bearer 6Ev6D14h3gd8aVckbf5aPeZ"
                            },
                            {
                                "key": "Content-Type",
                                "value": "application\/json"
                            },
                            {
                                "key": "Accept",
                                "value": "application\/json"
                            }
                        ],
                        "body": {
                            "mode": "raw",
                            "raw": "[]",
                            "options": {
                                "raw": {
                                    "language": "json"
                                }
                            }
                        },
                        "description": "This endpoint provides you a single Blog Tag\nThe Blog Tag is identified based on the ID provided as url parameter.",
                        "response": []
                    }
                },
                {
                    "name": "Update Blog Tag",
                    "request": {
                        "url": {
                            "protocol": "http",
                            "host": "127.0.0.1:8000",
                            "path": "api\/v1\/blog-tags\/:blog_tag",
                            "query": [],
                            "raw": "http:\/\/127.0.0.1:8000\/api\/v1\/blog-tags\/:blog_tag"
                        },
                        "method": "PUT",
                        "header": [
                            {
                                "key": "Authorization",
                                "value": "Bearer e4v1ha63k5PEafcbd8ZVgD6"
                            },
                            {
                                "key": "Content-Type",
                                "value": "application\/json"
                            },
                            {
                                "key": "Accept",
                                "value": "application\/json"
                            }
                        ],
                        "body": {
                            "mode": "raw",
                            "raw": "{\n    \"name\": \"Software\",\n    \"status\": true\n}",
                            "options": {
                                "raw": {
                                    "language": "json"
                                }
                            }
                        },
                        "description": "This endpoint allows you to update existing Blog Tag with new data.\nThe Blog Tag to be updated is identified based on the ID provided as url parameter.",
                        "response": []
                    }
                },
                {
                    "name": "Delete Blog Tag",
                    "request": {
                        "url": {
                            "protocol": "http",
                            "host": "127.0.0.1:8000",
                            "path": "api\/v1\/blog-tags\/:blog_tag",
                            "query": [],
                            "raw": "http:\/\/127.0.0.1:8000\/api\/v1\/blog-tags\/:blog_tag"
                        },
                        "method": "DELETE",
                        "header": [
                            {
                                "key": "Authorization",
                                "value": "Bearer 6EP4vVZc8bah1adekD6g5f3"
                            },
                            {
                                "key": "Content-Type",
                                "value": "application\/json"
                            },
                            {
                                "key": "Accept",
                                "value": "application\/json"
                            }
                        ],
                        "body": {
                            "mode": "raw",
                            "raw": "[]",
                            "options": {
                                "raw": {
                                    "language": "json"
                                }
                            }
                        },
                        "description": "This endpoint allows you to delete a Blog Tag\nThe Blog Tag to be deleted is identified based on the ID provided as url parameter.",
                        "response": []
                    }
                }
            ]
        },
        {
            "name": "Faq Management",
            "description": "\nClass FaqsController\n\nAPIs for Faq Management",
            "item": [
                {
                    "name": "Get all Faq",
                    "request": {
                        "url": {
                            "protocol": "http",
                            "host": "127.0.0.1:8000",
                            "path": "api\/v1\/faqs",
                            "query": [
                                {
                                    "key": "page",
                                    "value": "12",
                                    "description": "Which page to show.",
                                    "disabled": false
                                },
                                {
                                    "key": "per_page",
                                    "value": "20",
                                    "description": "Number of records per page. (use -1 to retrieve all)",
                                    "disabled": false
                                },
                                {
                                    "key": "order_by",
                                    "value": "created_at",
                                    "description": "Order by database column.",
                                    "disabled": false
                                },
                                {
                                    "key": "order",
                                    "value": "asc",
                                    "description": "Order direction ascending (asc) or descending (desc).",
                                    "disabled": false
                                }
                            ],
                            "raw": "http:\/\/127.0.0.1:8000\/api\/v1\/faqs?page=12&per_page=20&order_by=created_at&order=asc"
                        },
                        "method": "GET",
                        "header": [
                            {
                                "key": "Authorization",
                                "value": "Bearer PE6cZ8DdkhV1e6vabg534fa"
                            },
                            {
                                "key": "Content-Type",
                                "value": "application\/json"
                            },
                            {
                                "key": "Accept",
                                "value": "application\/json"
                            }
                        ],
                        "body": {
                            "mode": "raw",
                            "raw": "[]",
                            "options": {
                                "raw": {
                                    "language": "json"
                                }
                            }
                        },
                        "description": "This endpoint provides a paginated list of all faqs. You can customize how many records you want in each\nreturned response as well as sort records based on a key in specific order.",
                        "response": []
                    }
                },
                {
                    "name": "Create a new Faq",
                    "request": {
                        "url": {
                            "protocol": "http",
                            "host": "127.0.0.1:8000",
                            "path": "api\/v1\/faqs",
                            "query": [],
                            "raw": "http:\/\/127.0.0.1:8000\/api\/v1\/faqs"
                        },
                        "method": "POST",
                        "header": [
                            {
                                "key": "Authorization",
                                "value": "Bearer 6V5fZhvD146gba3Eedk8acP"
                            },
                            {
                                "key": "Content-Type",
                                "value": "application\/json"
                            },
                            {
                                "key": "Accept",
                                "value": "application\/json"
                            }
                        ],
                        "body": {
                            "mode": "raw",
                            "raw": "{\n    \"question\": \"cumque\",\n    \"answer\": \"eligendi\",\n    \"status\": false\n}",
                            "options": {
                                "raw": {
                                    "language": "json"
                                }
                            }
                        },
                        "description": "This endpoint lets you create new Faq",
                        "response": []
                    }
                },
                {
                    "name": "Gives a specific Faq",
                    "request": {
                        "url": {
                            "protocol": "http",
                            "host": "127.0.0.1:8000",
                            "path": "api\/v1\/faqs\/:faq",
                            "query": [],
                            "raw": "http:\/\/127.0.0.1:8000\/api\/v1\/faqs\/:faq"
                        },
                        "method": "GET",
                        "header": [
                            {
                                "key": "Authorization",
                                "value": "Bearer PD5a8agEefv6ck63bZ1V4dh"
                            },
                            {
                                "key": "Content-Type",
                                "value": "application\/json"
                            },
                            {
                                "key": "Accept",
                                "value": "application\/json"
                            }
                        ],
                        "body": {
                            "mode": "raw",
                            "raw": "[]",
                            "options": {
                                "raw": {
                                    "language": "json"
                                }
                            }
                        },
                        "description": "This endpoint provides you a single Faq\nThe Faq is identified based on the ID provided as url parameter.",
                        "response": []
                    }
                },
                {
                    "name": "Update Faq",
                    "request": {
                        "url": {
                            "protocol": "http",
                            "host": "127.0.0.1:8000",
                            "path": "api\/v1\/faqs\/:faq",
                            "query": [],
                            "raw": "http:\/\/127.0.0.1:8000\/api\/v1\/faqs\/:faq"
                        },
                        "method": "PUT",
                        "header": [
                            {
                                "key": "Authorization",
                                "value": "Bearer bdD51f83a6vV6hZegc4kaPE"
                            },
                            {
                                "key": "Content-Type",
                                "value": "application\/json"
                            },
                            {
                                "key": "Accept",
                                "value": "application\/json"
                            }
                        ],
                        "body": {
                            "mode": "raw",
                            "raw": "{\n    \"question\": \"nobis\",\n    \"answer\": \"laudantium\",\n    \"status\": false\n}",
                            "options": {
                                "raw": {
                                    "language": "json"
                                }
                            }
                        },
                        "description": "This endpoint allows you to update existing Faq with new data.\nThe Faq to be updated is identified based on the ID provided as url parameter.",
                        "response": []
                    }
                },
                {
                    "name": "Delete Faq",
                    "request": {
                        "url": {
                            "protocol": "http",
                            "host": "127.0.0.1:8000",
                            "path": "api\/v1\/faqs\/:faq",
                            "query": [],
                            "raw": "http:\/\/127.0.0.1:8000\/api\/v1\/faqs\/:faq"
                        },
                        "method": "DELETE",
                        "header": [
                            {
                                "key": "Authorization",
                                "value": "Bearer aVDg843cP1dakZhev56fE6b"
                            },
                            {
                                "key": "Content-Type",
                                "value": "application\/json"
                            },
                            {
                                "key": "Accept",
                                "value": "application\/json"
                            }
                        ],
                        "body": {
                            "mode": "raw",
                            "raw": "[]",
                            "options": {
                                "raw": {
                                    "language": "json"
                                }
                            }
                        },
                        "description": "This endpoint allows you to delete a Faq\nThe Faq to be deleted is identified based on the ID provided as url parameter.",
                        "response": []
                    }
                }
            ]
        },
        {
            "name": "Pages Management",
            "description": "\nClass PagesController\n\nAPIs for Pages Management",
            "item": [
                {
                    "name": "Get all Pages",
                    "request": {
                        "url": {
                            "protocol": "http",
                            "host": "127.0.0.1:8000",
                            "path": "api\/v1\/pages",
                            "query": [
                                {
                                    "key": "page",
                                    "value": "12",
                                    "description": "Which page to show.",
                                    "disabled": false
                                },
                                {
                                    "key": "per_page",
                                    "value": "20",
                                    "description": "Number of records per page. (use -1 to retrieve all)",
                                    "disabled": false
                                },
                                {
                                    "key": "order_by",
                                    "value": "created_at",
                                    "description": "Order by database column.",
                                    "disabled": false
                                },
                                {
                                    "key": "order",
                                    "value": "asc",
                                    "description": "Order direction ascending (asc) or descending (desc).",
                                    "disabled": false
                                }
                            ],
                            "raw": "http:\/\/127.0.0.1:8000\/api\/v1\/pages?page=12&per_page=20&order_by=created_at&order=asc"
                        },
                        "method": "GET",
                        "header": [
                            {
                                "key": "Authorization",
                                "value": "Bearer 6PD18Ekb36V5c4gdeZavhaf"
                            },
                            {
                                "key": "Content-Type",
                                "value": "application\/json"
                            },
                            {
                                "key": "Accept",
                                "value": "application\/json"
                            }
                        ],
                        "body": {
                            "mode": "raw",
                            "raw": "[]",
                            "options": {
                                "raw": {
                                    "language": "json"
                                }
                            }
                        },
                        "description": "This endpoint provides a paginated list of all pages. You can customize how many records you want in each\nreturned response as well as sort records based on a key in specific order.",
                        "response": []
                    }
                },
                {
                    "name": "Create a new Page",
                    "request": {
                        "url": {
                            "protocol": "http",
                            "host": "127.0.0.1:8000",
                            "path": "api\/v1\/pages",
                            "query": [],
                            "raw": "http:\/\/127.0.0.1:8000\/api\/v1\/pages"
                        },
                        "method": "POST",
                        "header": [
                            {
                                "key": "Authorization",
                                "value": "Bearer Vdaf6hbePDcg65Eka31Zv48"
                            },
                            {
                                "key": "Content-Type",
                                "value": "application\/json"
                            },
                            {
                                "key": "Accept",
                                "value": "application\/json"
                            }
                        ],
                        "body": {
                            "mode": "raw",
                            "raw": "{\n    \"title\": \"rerum\",\n    \"description\": \"sunt\",\n    \"status\": false,\n    \"cannonical_link\": \"http:\\\/\\\/www.hilpert.com\\\/enim-molestias-placeat-ab-reiciendis-veritatis-voluptas\",\n    \"seo_title\": \"aperiam\",\n    \"seo_keyword\": \"vel\",\n    \"seo_description\": \"qui\"\n}",
                            "options": {
                                "raw": {
                                    "language": "json"
                                }
                            }
                        },
                        "description": "This endpoint lets you create new Page",
                        "response": []
                    }
                },
                {
                    "name": "Gives a specific Page",
                    "request": {
                        "url": {
                            "protocol": "http",
                            "host": "127.0.0.1:8000",
                            "path": "api\/v1\/pages\/:page",
                            "query": [],
                            "raw": "http:\/\/127.0.0.1:8000\/api\/v1\/pages\/:page"
                        },
                        "method": "GET",
                        "header": [
                            {
                                "key": "Authorization",
                                "value": "Bearer 6dca6hDZ48P35vb1egfkEaV"
                            },
                            {
                                "key": "Content-Type",
                                "value": "application\/json"
                            },
                            {
                                "key": "Accept",
                                "value": "application\/json"
                            }
                        ],
                        "body": {
                            "mode": "raw",
                            "raw": "[]",
                            "options": {
                                "raw": {
                                    "language": "json"
                                }
                            }
                        },
                        "description": "This endpoint provides you a single Page\nThe Page is identified based on the ID provided as url parameter.",
                        "response": []
                    }
                },
                {
                    "name": "Update Page",
                    "request": {
                        "url": {
                            "protocol": "http",
                            "host": "127.0.0.1:8000",
                            "path": "api\/v1\/pages\/:page",
                            "query": [],
                            "raw": "http:\/\/127.0.0.1:8000\/api\/v1\/pages\/:page"
                        },
                        "method": "PUT",
                        "header": [
                            {
                                "key": "Authorization",
                                "value": "Bearer 3cfakVb8dgP16hEDa546eZv"
                            },
                            {
                                "key": "Content-Type",
                                "value": "application\/json"
                            },
                            {
                                "key": "Accept",
                                "value": "application\/json"
                            }
                        ],
                        "body": {
                            "mode": "raw",
                            "raw": "{\n    \"title\": \"tempora\",\n    \"description\": \"in\",\n    \"status\": false,\n    \"cannonical_link\": \"http:\\\/\\\/schuster.com\\\/\",\n    \"seo_title\": \"inventore\",\n    \"seo_keyword\": \"veniam\",\n    \"seo_description\": \"a\"\n}",
                            "options": {
                                "raw": {
                                    "language": "json"
                                }
                            }
                        },
                        "description": "This endpoint allows you to update existing Page with new data.\nThe Page to be updated is identified based on the ID provided as url parameter.",
                        "response": []
                    }
                },
                {
                    "name": "Delete Page",
                    "request": {
                        "url": {
                            "protocol": "http",
                            "host": "127.0.0.1:8000",
                            "path": "api\/v1\/pages\/:page",
                            "query": [],
                            "raw": "http:\/\/127.0.0.1:8000\/api\/v1\/pages\/:page"
                        },
                        "method": "DELETE",
                        "header": [
                            {
                                "key": "Authorization",
                                "value": "Bearer 45ac6e3kEVfhDPa81dZvg6b"
                            },
                            {
                                "key": "Content-Type",
                                "value": "application\/json"
                            },
                            {
                                "key": "Accept",
                                "value": "application\/json"
                            }
                        ],
                        "body": {
                            "mode": "raw",
                            "raw": "[]",
                            "options": {
                                "raw": {
                                    "language": "json"
                                }
                            }
                        },
                        "description": "This endpoint allows you to delete a Page\nThe Page to be deleted is identified based on the ID provided as url parameter.",
                        "response": []
                    }
                }
            ]
        }
    ]
}